Code AIOT;dateFichier;typeFichier;nomFichier;Enregistré
'0003012008;2016-04-06;rapport;Nouveau document;True
'0003012008;2016-04-21;ap enregistrement;2016_E_70_IC.pdf;True
'0003012008;2024-11-28;ap prescriptions complémentaires;2024-APC-230-IC;True
'0003101036;2016-07-11;arrêté de mise en demeure;APMD GRENIER;True
'0003101036;2023-11-03;ap servitude d'utilité publique;GRENIER Alain_AP SUP du 3 nov 2023;True
'0003102997;2018-02-28;arrêté préfectoral;arrêté préfectoral;True
'0003900584;2019-05-23;ap d'autorisation;2019_05_23_AP.pdf;True
'0003900584;2022-02-03;ap autorisation temporaire;2022_02_03 AP prorogation validité AE.pdf;True
'0003900584;2026-03-02;ap prescriptions complémentaires;20260302_APC_parcCEHOU;True
'0003900895;2018-04-06;arrêté préfectoral;AP ENREGISTREMENT;True
'0003900895;2017-12-21;arrêté préfectoral;AP_mise_en_consultation_public;True
'0003900895;2017-12-01;arrêté préfectoral;Recepisse_decl;True
'0005201506;2006-12-28;autre;Arrêté préfectoral complémentaire;True
'0005201506;1998-05-18;arrêté préfectoral;AP d'autorisation;True
'0005201506;2007-01-03;arrêté préfectoral;AP complémentaire (art 18 déc. 77);True
'0005201506;2016-12-06;rapport;Rapport suite EDD -installation HCl;True
'0005201506;2006-02-01;arrêté préfectoral;Exploitation et Extension des installations;True
'0005201506;2018-12-07;arrêté préfectoral;Arrêté préfectoral DCPPAT n° 2018-641;True
'0005201506;2007-03-23;arrêté préfectoral;AP complémentaire (art 18 déc. 77);True
'0005201506;2010-02-12;arrêté préfectoral;AP complémentaire (Art. R. 512-31);True
'0005201506;2013-06-07;arrêté préfectoral;AP d'autorisation (extension);True
'0005201506;2016-11-17;arrêté de mise en demeure;Arrêté de mise en demeure 2016-n°702;True
'0005201506;2012-07-02;arrêté préfectoral;APC MMR (3ème);True
'0005201506;2011-08-23;arrêté préfectoral;AP complémentaire n° 397;True
'0005201506;2012-05-09;arrêté préfectoral;Arrêté préfectoral concernant DRT - Castets daté du 09-05-2012;True
'0005201506;2012-02-29;arrêté préfectoral;Autre concernant DRT - Castets daté du 29-02-2012;True
'0005201506;2010-05-11;arrêté préfectoral;AP d'autorisation n° 252;True
'0005201506;2017-01-10;arrêté préfectoral;Arrêté DAECL-2017-N° 9 fixant des prescriptions complémentaires;True
'0005201506;2018-12-20;rapport;Rapport POI Lubrizol;True
'0005201506;2021-03-29;rapport;Rapport mesures- pics de pollution;True
'0005201506;2011-06-01;arrêté préfectoral;AP complémentaire (Art. R. 512-31);True
'0005201506;2017-01-18;fiche seveso;fiche d'information seveso;True
'0005201506;2021-03-26;arrêté préfectoral;Arrêté complémentaire n° 2021-102;True
'0005201506;2024-12-12;ap mise en demeure;AP 2024-656;True
'0005201506;2025-11-12;ap mise en demeure;APMD 2025-595 DRT;True
'0005201622;2016-06-20;arrêté préfectoral;Arrêté de mesures de gdestion du site des 2 scieries;True
'0005201622;2016-04-14;rapport;Rapport au CODERST;True
'0005201622;2015-12-17;arrêté de mise en demeure;AP de mise en demeure;True
'0005201622;2005-11-07;arrêté préfectoral;AP d'autorisation;True
'0005203364;1973-06-12;arrêté préfectoral;AP d'autorisation (hors régularisation adm.);True
'0005203364;2008-03-21;rapport;Rapport proposant un AP complémentaire (art 18 déc. 77);True
'0005203364;2020-05-29;arrêté préfectoral;APC-BE 2020-04-05;True
'0005203364;1993-11-05;arrêté préfectoral;AP de modifications de prescriptions;True
'0005203364;2002-06-27;arrêté préfectoral;AP de renouvellement - extension;True
'0005203364;1995-10-09;arrêté préfectoral;AP d'autorisation (hors régularisation adm.);True
'0005203364;2008-05-21;arrêté préfectoral;AP complémentaire (art 18 déc. 77);True
'0005203364;1999-03-30;arrêté préfectoral;AP validant le calcul des garanties financières;True
'0005203364;2021-02-12;arrêté préfectoral;AP autorisation BE 2021 02 01;True
'0005203364;1995-10-09;arrêté préfectoral;AP de renouvellement - extension;True
'0005203364;1977-12-22;arrêté préfectoral;AP de renouvellement - extension;True
'0005203364;1980-09-11;arrêté préfectoral;AP de renouvellement - extension;True
'0005203364;1979-07-31;arrêté préfectoral;rapport proposant des modifications de prescriptions;True
'0005204961;2017-05-24;arrêté préfectoral;AP signé;True
'0005204961;1988-10-28;arrêté préfectoral;AP;True
'0005204961;2015-03-27;arrêté préfectoral;Arrêté préfectoral concernant ARKEMA - Mourenx daté du 27-03-2015;True
'0005204961;2022-03-17;ap prescriptions complémentaires;Arkema_Mourenx_AP_4961_22_07_publiable.pdf;True
'0005204961;2014-09-26;arrêté préfectoral;Arrêté de mise en demeure concernant ARKEMA - Mourenx daté du 26-09-2014;True
'0005204961;2017-05-24;arrêté préfectoral;AP signé;True
'0005204961;2017-01-19;fiche seveso;fiche d'information seveso;True
'0005204961;2014-09-08;arrêté préfectoral;Arrêté préfectoral concernant ARKEMA - Mourenx daté du 08-09-2014;True
'0005204961;2014-05-23;arrêté préfectoral;Arrêté préfectoral concernant ARKEMA - Mourenx daté du 23-05-2014;True
'0005204961;2009-10-16;arrêté préfectoral;09-IC-233 APC MMR PPRT;True
'0005204961;2008-01-18;ap d'autorisation;AP_08_IC_007bis.pdf;True
'0005204961;2008-01-18;arrêté préfectoral;08-IC-007 AP d'autorisation;True
'0005204961;2014-11-05;arrêté de mise en demeure;Arrêté préfectoral concernant ARKEMA - Mourenx daté du 05-11-2014;True
'0005204961;2014-07-04;arrêté préfectoral;Arrêté préfectoral concernant ARKEMA - Mourenx daté du 04-07-2014;True
'0005204961;2013-10-28;ap prescriptions complémentaires;APMD_signee;True
'0005204961;2019-08-08;arrêté préfectoral;APC n°4961-2019-29;True
'0005204961;2011-07-18;arrêté préfectoral;APC;True
'0005204961;2012-07-23;arrêté préfectoral;APC;True
'0005204961;2006-09-26;ap d'autorisation;AP_2006;True
'0005204961;2024-09-05;ap prescriptions complémentaires;APC n°4961-2024-44 actualisant les prescriptions de fonctionnement des installations (PFAS);True
'0005204961;2002-05-29;ap prescriptions complémentaires;AP n° 02-IC-2358 Prescriptions complémentaires (stockages produits finis);True
'0005204961;2004-04-06;ap prescriptions complémentaires;Arrêté n° 04-IC-149 portant prescriptions complémentaires;True
'0005701561;2005-05-23;arrêté de mise en demeure;régulariser la situation administrative de ses activités de stockage de substances à base d’acide arsénieux;True
'0005701561;2014-10-22;arrêté de mise en demeure;Arrêté de mise en demeure concernant CSGV daté du 22-10-2014;True
'0005701561;2014-02-13;arrêté préfectoral;Arrêté préfectoral concernant CSGV daté du 13-02-2014;True
'0005701561;2025-08-08;ap prescriptions complémentaires;2025-APC-181-IC;True
'0005801516;2015-06-03;arrêté préfectoral;Modification AP 08-03-02 et autorisation poursuite activités;True
'0005801516;2011-04-21;arrêté préfectoral;Prescriptions complémentaires-Rejets substances dangereuses dans l'eau;True
'0005801516;2023-03-28;ap mise en demeure;2023_03_28_AP amende et astreinte adminsitrative société LEGRAND NORMANDIE à FONTAINE LE BOURG.pdf;True
'0005801516;2023-08-18;ap levée de mise en demeure;2023_08_18_Courrier levée MeD;True
'0005801516;2024-08-06;ap prescriptions complémentaires;20240806_APC_LEGRAND;True
'0006400578;2019-10-22;arrêté préfectoral;AP - A n° 2017- 67 du 22-10-2019;True
'0006400578;2020-04-17;arrêté préfectoral;apc;True
'0006400578;2020-12-22;inspection;Rapport inspection;False
'0006400578;2007-02-22;autre;Non renseigné;True
'0006400578;2014-11-04;arrêté préfectoral;Mise en demeure;True
'0006400578;2016-01-26;arrêté de mise en demeure;Mise en demeure;True
'0006400578;2011-08-24;arrêté préfectoral;Prescriptions complémentaires;True
'0006400578;2020-10-29;inspection;Rapport inspection;False
'0006400578;2012-01-15;inspection;Arrêté préfectoral concernant SITA SUD Les Pennes-Mirabeau daté du 16-01-2012;False
'0006400578;2002-05-16;arrêté préfectoral;extension;True
'0006400578;2012-01-16;arrêté préfectoral;Prescriptions complémentaires;True
'0006400578;2006-06-16;arrêté préfectoral;Arrêté préfectoral concernant SITA SUD daté du 16-06-2006;True
'0006400578;2016-02-18;arrêté préfectoral;Commission de suivi de site;True
'0006400578;2007-02-22;autre;Non renseigné;True
'0006400578;2011-07-22;inspection;AP complémentaire (Art. R. 512-31);False
'0006400578;2011-03-31;rapport;Rapport proposant un AP complémentaire (Art. R. 512-31);True
'0006400578;2013-06-26;arrêté préfectoral;Autre concernant SITA SUD Les Pennes-Mirabeau daté du 26-06-2013;True
'0006400578;2016-09-15;arrêté préfectoral;Prescriptions complémentaires;True
'0006400578;2016-07-21;arrêté de mise en demeure;Mise en demeure;True
'0006400578;2021-07-06;autre;AP - C n° 244 du 06-07-2021;True
'0006400578;2021-01-05;inspection;Rapport inspection;False
'0006400578;2019-10-21;arrêté préfectoral;n° 276;True
'0006400578;2021-07-21;ap prescriptions complémentaires;AP - C n° 289 du 21-07-2021.pdf;True
'0006400578;2013-10-10;arrêté de mise en demeure;Arrêté de mise en demeure concernant SITA SUD Les Pennes-Mirabeau daté du 10-10-2013;True
'0006400578;2021-07-07;inspection;Rapport inspection;False
'0006400578;2015-10-26;arrêté préfectoral;Prescriptions complémentaires lixiviats;True
'0006400578;2021-07-21;document de procédure;SUEZ RV MEDITERRANEE-JAS DE RHODES;True
'0006400578;2021-07-13;document de procédure;SUEZ RV MEDITERRANEE-JAS DE RHODES;True
'0006400578;2023-04-28;ap mise en demeure;SUEZ RV Mediterranee_MED_20230428.pdf;True
'0006400578;2023-05-26;ap prescriptions complémentaires;SUEZ RV Méditerranée-Les Pennes Mirabeau_APC_20230526.pdf;True
'0006400578;2023-05-26;ap prescriptions complémentaires;SUEZ RV Méditerranée-APC 2023-90 PC du 26-05-2023;True
'0006400578;2023-11-20;ap mise en demeure;SUEZ RV MEDITERRANEE APMED 2023-234-MED du 20-11-2023;True
'0006400578;2024-10-18;ap prescriptions complémentaires;AP 2024-221-PC du 18-10-2024;True
'0006400578;2024-09-27;document de procédure;SUEZ RV - Rapport de recevabilité;True
'0006400578;2025-10-10;ap prescriptions complémentaires;SuezRvMéditerranée-capacité-AP 2025-225 PC-PC-rectificatif & AP 2025-226-PC-PC-rectificatif du 10-10-2025;True
'0006401514;2021-01-12;inspection;Rapport VI du 12-11-2020;False
'0006401514;2006-08-18;arrêté préfectoral;Non renseigné;True
'0006702300;2008-03-10;rapport;Rapport proposant un AP complémentaire (art 18 déc. 77);True
'0006702300;2009-05-19;arrêté préfectoral;AP complémentaire (Art. R. 512-31);True
'0006702300;2006-06-14;rapport;Rapport concernant SITA  ALSACE Hochfelden (CSDU) daté du 14-06-2006;True
'0006702300;2014-10-23;rapport;Rapport concernant SITA ALSACE Hochfelden (CSDU) daté du 23-10-2014;True
'0006702300;2005-12-30;arrêté préfectoral;AP de renouvellement - extension;True
'0006702300;1999-08-20;arrêté préfectoral;Arrêté préfectoral concernant SITA ALSACE Hochfelden (CSDU) daté du 20-08-1999;True
'0006702300;2015-06-11;rapport;Rapport concernant SITA Nord-Est Hochfelden (CSDU) daté du 11-06-2015;True
'0006702300;2008-05-06;arrêté préfectoral;Arrêté préfectoral concernant SITA  ALSACE Hochfelden (CSDU) daté du 06-05-2008;True
'0006702300;2005-11-22;rapport;Rapport concernant SITA  ALSACE Hochfelden (CSDU) daté du 22-11-2005;True
'0006702300;2008-05-06;arrêté préfectoral;Arrêté préfectoral concernant SITA  ALSACE Hochfelden (CSDU) daté du 06-05-2008;True
'0006702300;2005-01-05;arrêté préfectoral;Prescription Complémentaire;True
'0006702300;2007-07-20;arrêté préfectoral;AP complémentaire (art 18 déc. 77);True
'0006702300;2014-11-26;arrêté préfectoral;Arrêté préfectoral concernant SITA ALSACE Hochfelden (CSDU) daté du 26-11-2014;True
'0006702300;2007-06-07;rapport;Rapport proposant un AP complémentaire (art 18 déc. 77);True
'0006702300;2006-07-24;arrêté préfectoral;Prescriptions complémentaires;True
'0006702300;2008-05-06;arrêté préfectoral;AP complémentaire (art 18 déc. 77);True
'0006702300;2008-03-12;arrêté préfectoral;AP complémentaire (art 18 déc. 77);True
'0006702300;2011-11-23;rapport;Rapport concernant SITA ALSACE Hochfelden (CSDU) daté du 23-11-2011;True
'0006702300;2015-10-02;arrêté préfectoral;Arrêté préfectoral concernant SITA Nord-Est Hochfelden (CSDU) daté du 02-10-2015;True
'0006702300;2010-05-12;arrêté préfectoral;AP complémentaire (Art. R. 512-31);True
'0006702300;2005-12-30;arrêté préfectoral;SUP;True
'0006702300;2009-03-16;rapport;Rapport proposant un AP complémentaire (art 18 déc. 77);True
'0006702300;2008-03-11;rapport;Rapport proposant un AP complémentaire (art 18 déc. 77);True
'0006702300;1999-07-27;arrêté préfectoral;Arrêté préfectoral concernant SITA ALSACE Hochfelden (CSDU) daté du 27-07-1999;True
'0006702300;2015-06-16;inspection;Visite concernant SITA ALSACE Hochfelden (CSDU) daté du 16-06-2015;False
'0006702300;2012-01-23;arrêté préfectoral;Arrêté préfectoral concernant SITA ALSACE Hochfelden (CSDU) daté du 23-01-2012;True
'0006702300;2013-01-20;inspection;Visite concernant SITA ALSACE Hochfelden (CSDU) daté du 21-01-2013;False
'0006702300;2008-01-14;rapport;Rapport proposant un AP complémentaire (art 18 déc. 77);True
'0006702300;2019-09-30;arrêté préfectoral;APC;True
'0006702300;2004-10-15;rapport;Rapport concernant SITA  ALSACE Hochfelden (CSDU) daté du 15-10-2004;True
'0006702300;2009-04-16;arrêté préfectoral;arrêté de servitudes d'utilité publique;True
'0006702300;2009-02-16;rapport;rapport proposant des servitudes d'utilité publique;True
'0006702300;2013-07-12;inspection;Visite concernant SITA ALSACE Hochfelden (CSDU) daté du 12-07-2013;False
'0006702300;2000-12-04;arrêté préfectoral;Arrêté préfectoral concernant SITA ALSACE Hochfelden (CSDU) daté du 04-12-2000;True
'0006705563;2019-03-29;arrêté préfectoral;Annexe plan de situation;True
'0006705563;2019-03-29;arrêté préfectoral;annexe  point AIR;True
'0006705563;2019-02-11;rapport;présentation coderst;True
'0006705563;2019-03-29;arrêté préfectoral;Annexe  bruit;True
'0006705563;2019-03-29;arrêté préfectoral;arrêté préctoral autorisation;True
'0006705563;2025-01-16;ap mise en demeure;20250116_APMD_signé;True
'0006705563;2025-10-31;ap levée de mise en demeure;20251031_LPLMED_signé;True
'0006801100;2018-02-15;arrêté préfectoral;APC Modif. remise en état de la partie Sud du 15 février 2018;True
'0006801100;2020-12-10;arrêté préfectoral;CMQUART-10122020-APC_ProlongationDureeExploit;True
'0006801100;2024-09-26;ap d'autorisation;Annexe 1 - Localisation des parcelles d’exploitation;True
'0006801100;2024-09-26;ap d'autorisation;2024 09 26 AP auto n° E-2024-276;True
'0006801100;2024-09-26;ap d'autorisation;Annexe 4 - Gestion des eaux pluviales;True
'0006801100;2024-09-26;ap d'autorisation;Annexe 8 - Localisation des mesures E et R;True
'0006801100;2024-10-23;ap d'autorisation;Annexe 7 - Localisation des parcelles de compensation;True
'0006801100;2024-09-26;ap d'autorisation;Annexe 3 - remise en état;True
'0006801100;2024-09-26;ap d'autorisation;Annexe 2-a - Plans de phasage et de remise en état;True
'0006801100;2024-09-26;ap d'autorisation;Annexe 2-b - Plans de phasage et de remise en état;True
'0006801100;2024-09-26;ap d'autorisation;Annexe 5 - Zones à émergence réglementée;True
'0006801100;2024-09-26;ap d'autorisation;Annexe 6 - Liste espèces protégées;True
'0006801100;2025-03-03;ap mise en demeure;20250303-APMD;True
'0006801100;2025-07-24;ap levée de mise en demeure;20250724 AP n° E-2025-229 levée MED;True
'0006802726;2005-03-29;arrêté préfectoral;APAUTO;True
'0006802726;2007-07-26;arrêté de mise en demeure;AP de mise en demeure;True
'0006802726;2009-11-20;arrêté préfectoral;AP complémentaire (Art. R. 512-31);True
'0006802726;2022-04-11;ap prescriptions complémentaires;24_APC_82-2022-04-11-00002-déro.pdf;True
'0006802726;2010-11-09;arrêté de mise en demeure;AP de mise en demeure;True
'0006802726;2023-12-01;ap prescriptions complémentaires;AP complémentaire - SASU Mo'UVE - Montauban - 01-12-2023;True
'0006802726;2023-12-01;ap prescriptions complémentaires;AP complémentaire - SASU Mo'UVE - Montauban - 01-12-2023;True
'0006802726;2024-02-27;ap prescriptions complémentaires;APC_sasu mo'uve à montauban_27 02 2024;True
'0006802726;2013-11-04;ap prescriptions complémentaires;AP n° 2013308-0005 du 04-11-2013;True
'0006802726;1985-11-21;ap d'autorisation;AP N° 85-3164 du 21-11-1985 (Autorisation);True
'0006802726;2024-12-20;ap prescriptions complémentaires;28_2024-12-20_AP décision cas par cas_sasu mo'uve_montauban;True
'0006802726;2025-03-07;ap prescriptions complémentaires;29_2025-03-07_APC_82-2025-03-07-00003_SASU MOUVE-compilé;True
'0006802726;2026-01-28;ap prescriptions complémentaires;30_2026-01-28  APC - SASU MO'UVE - MONTAUBAN;True
'0007000869;2003-07-11;arrêté préfectoral;Rejets atmosphériques;True
'0007000869;2014-06-25;arrêté préfectoral;Arrêté préfectoral concernant CROWN Emballages Food France daté du 25-06-2014;True
'0007000869;2009-10-19;arrêté préfectoral;arrêté prefectoral;True
'0007000869;2003-04-01;arrêté préfectoral;Incendie du 29-10-02 évaluation impact sanitaire mise en œuvre de mesures correctives;True
'0007000869;2019-01-18;arrêté de mise en demeure;MED du 18 01 2019;True
'0007000869;2014-02-26;rapport;Rapport concernant CROWN Emballages Food France daté du 26-02-2014;True
'0007000869;2019-10-24;ap prescriptions complémentaires;2019_10_24_AP_compilé.pdf;True
'0007000869;2019-10-24;ap prescriptions complémentaires;2019_10_24_AP_compilé.pdf;True
'0007000869;2024-03-06;ap prescriptions complémentaires;2024_03_06_APC;True
'0007000869;2009-10-19;ap prescriptions complémentaires;2009_10_19_Crown Emballage France_APC_bilan de fonct;True
'0007000869;2023-01-19;document de procédure;Eviosys-packaging_outreau_RAPCO_0007000869_19012023;True
'0007000869;2025-07-29;document de procédure;EVIOSYS_RAPPORT_0007000869;True
'0010002245;2013-12-03;arrêté préfectoral;Arrêté préfectoral concernant CHATREIX - VIGNOUX-AIX VHU daté du 03-12-2013;True
'0010002245;2012-05-09;arrêté préfectoral;Arrêté préfectoral concernant CHATREIX - VHU daté du 09-05-2012;True
'0010002245;2008-11-05;arrêté préfectoral;AP complémentaire (art 18 déc. 77) AP N° 2008.1.1413;True
'0010002245;2004-03-26;arrêté préfectoral;AP de changement d'exploitant;True
'0010002245;2018-05-18;arrêté préfectoral;APC RENOUVELLEMENT AGREMENT;True
'0010002245;2013-11-06;autre;Autre concernant CHATREIX - VIGNOUX-AIX VHU daté du 06-11-2013;True
'0010002245;2008-09-25;autre;Passage en commission départementale consultative compétente;True
'0010002245;1987-09-29;arrêté préfectoral;AP d'autorisation (hors régularisation adm.);True
'0010002245;2012-02-01;autre;Autre concernant CHATREIX - VHU daté du 01-02-2012;True
'0058503946;2019-12-26;arrêté préfectoral;Arrêté préfectoral d'autorisation et d'enregistrement;True
'0058503946;2019-12-26;arrêté préfectoral;Annexes AP du 24 décemebre 2019;True
'0058503946;2023-02-06;document de procédure;85_Dossier-Reexamen-IED_0058503946.pdf;True
'0058503946;2025-01-16;ap prescriptions complémentaires;2025_01_16_APC_autorisation_volailles_2025_DCPATE_16_EARL_ECLISPE;True
